theta;f;class
10;0.5;longe
10;0.51;longe
10;0.52;longe
10;0.53;longe
10;0.54;longe
10;0.55;longe
10;0.56;longe
10;0.57;longe
10;0.58;longe
10;0.59;longe
10;0.6;longe
10;0.61;longe
10;0.62;longe
10;0.63;longe
10;0.64;longe
10;0.65;longe
10;0.66;longe
10;0.67;longe
10;0.68;longe
10;0.69;longe
10;0.7;longe
10;0.71;longe
10;0.72;longe
10;0.73;longe
10;0.74;longe
10;0.75;longe
10;0.76;longe
10;0.77;longe
10;0.78;longe
10;0.79;longe
10;0.8;longe
10;0.81;longe
10;0.82;longe
10;0.83;longe
10;0.84;longe
10;0.85;longe
10;0.86;longe
10;0.87;longe
10;0.88;longe
10;0.89;longe
10;0.9;longe
10;0.91;longe
10;0.92;longe
10;0.93;longe
10;0.94;longe
10;0.95;longe
10;0.96;longe
10;0.97;longe
10;0.98;longe
10;0.99;longe
11;0.5;longe
11;0.51;longe
11;0.52;longe
11;0.53;longe
11;0.54;longe
11;0.55;longe
11;0.56;longe
11;0.57;longe
11;0.58;longe
11;0.59;longe
11;0.6;longe
11;0.61;longe
11;0.62;longe
11;0.63;longe
11;0.64;longe
11;0.65;longe
11;0.66;longe
11;0.67;longe
11;0.68;longe
11;0.69;longe
11;0.7;longe
11;0.71;longe
11;0.72;longe
11;0.73;longe
11;0.74;longe
11;0.75;longe
11;0.76;longe
11;0.77;longe
11;0.78;longe
11;0.79;longe
11;0.8;longe
11;0.81;longe
11;0.82;longe
11;0.83;longe
11;0.84;longe
11;0.85;longe
11;0.86;longe
11;0.87;longe
11;0.88;longe
11;0.89;longe
11;0.9;longe
11;0.91;longe
11;0.92;longe
11;0.93;longe
11;0.94;longe
11;0.95;longe
11;0.96;longe
11;0.97;longe
11;0.98;longe
11;0.99;longe
12;0.5;longe
12;0.51;longe
12;0.52;longe
12;0.53;longe
12;0.54;longe
12;0.55;longe
12;0.56;longe
12;0.57;longe
12;0.58;longe
12;0.59;longe
12;0.6;longe
12;0.61;longe
12;0.62;longe
12;0.63;longe
12;0.64;longe
12;0.65;longe
12;0.66;longe
12;0.67;longe
12;0.68;longe
12;0.69;longe
12;0.7;longe
12;0.71;longe
12;0.72;longe
12;0.73;longe
12;0.74;longe
12;0.75;longe
12;0.76;longe
12;0.77;longe
12;0.78;longe
12;0.79;longe
12;0.8;longe
12;0.81;longe
12;0.82;longe
12;0.83;longe
12;0.84;longe
12;0.85;longe
12;0.86;longe
12;0.87;longe
12;0.88;longe
12;0.89;longe
12;0.9;longe
12;0.91;longe
12;0.92;longe
12;0.93;longe
12;0.94;longe
12;0.95;longe
12;0.96;longe
12;0.97;longe
12;0.98;longe
12;0.99;longe
13;0.5;longe
13;0.51;longe
13;0.52;longe
13;0.53;longe
13;0.54;longe
13;0.55;longe
13;0.56;longe
13;0.57;longe
13;0.58;longe
13;0.59;longe
13;0.6;longe
13;0.61;longe
13;0.62;longe
13;0.63;longe
13;0.64;longe
13;0.65;longe
13;0.66;longe
13;0.67;longe
13;0.68;longe
13;0.69;longe
13;0.7;longe
13;0.71;longe
13;0.72;longe
13;0.73;longe
13;0.74;longe
13;0.75;longe
13;0.76;longe
13;0.77;longe
13;0.78;longe
13;0.79;longe
13;0.8;longe
13;0.81;longe
13;0.82;longe
13;0.83;longe
13;0.84;longe
13;0.85;longe
13;0.86;longe
13;0.87;longe
13;0.88;longe
13;0.89;longe
13;0.9;longe
13;0.91;longe
13;0.92;longe
13;0.93;longe
13;0.94;longe
13;0.95;longe
13;0.96;longe
13;0.97;longe
13;0.98;longe
13;0.99;longe
14;0.5;longe
14;0.51;longe
14;0.52;longe
14;0.53;longe
14;0.54;longe
14;0.55;longe
14;0.56;longe
14;0.57;longe
14;0.58;longe
14;0.59;longe
14;0.6;longe
14;0.61;longe
14;0.62;longe
14;0.63;longe
14;0.64;longe
14;0.65;longe
14;0.66;longe
14;0.67;longe
14;0.68;longe
14;0.69;longe
14;0.7;longe
14;0.71;longe
14;0.72;longe
14;0.73;longe
14;0.74;longe
14;0.75;longe
14;0.76;longe
14;0.77;longe
14;0.78;longe
14;0.79;longe
14;0.8;longe
14;0.81;longe
14;0.82;longe
14;0.83;longe
14;0.84;longe
14;0.85;longe
14;0.86;longe
14;0.87;longe
14;0.88;longe
14;0.89;longe
14;0.9;longe
14;0.91;longe
14;0.92;longe
14;0.93;longe
14;0.94;longe
14;0.95;longe
14;0.96;longe
14;0.97;longe
14;0.98;longe
14;0.99;longe
15;0.5;longe
15;0.51;longe
15;0.52;longe
15;0.53;longe
15;0.54;longe
15;0.55;longe
15;0.56;longe
15;0.57;longe
15;0.58;longe
15;0.59;longe
15;0.6;longe
15;0.61;longe
15;0.62;longe
15;0.63;longe
15;0.64;longe
15;0.65;longe
15;0.66;longe
15;0.67;longe
15;0.68;longe
15;0.69;longe
15;0.7;longe
15;0.71;longe
15;0.72;longe
15;0.73;longe
15;0.74;longe
15;0.75;longe
15;0.76;longe
15;0.77;longe
15;0.78;longe
15;0.79;longe
15;0.8;longe
15;0.81;longe
15;0.82;longe
15;0.83;longe
15;0.84;longe
15;0.85;longe
15;0.86;longe
15;0.87;longe
15;0.88;longe
15;0.89;longe
15;0.9;longe
15;0.91;longe
15;0.92;longe
15;0.93;longe
15;0.94;longe
15;0.95;longe
15;0.96;longe
15;0.97;longe
15;0.98;longe
15;0.99;longe
16;0.5;longe
16;0.51;longe
16;0.52;longe
16;0.53;longe
16;0.54;longe
16;0.55;longe
16;0.56;longe
16;0.57;longe
16;0.58;longe
16;0.59;longe
16;0.6;longe
16;0.61;longe
16;0.62;longe
16;0.63;longe
16;0.64;longe
16;0.65;longe
16;0.66;longe
16;0.67;longe
16;0.68;longe
16;0.69;longe
16;0.7;longe
16;0.71;longe
16;0.72;longe
16;0.73;longe
16;0.74;longe
16;0.75;longe
16;0.76;longe
16;0.77;longe
16;0.78;longe
16;0.79;longe
16;0.8;longe
16;0.81;longe
16;0.82;longe
16;0.83;longe
16;0.84;longe
16;0.85;longe
16;0.86;longe
16;0.87;longe
16;0.88;longe
16;0.89;longe
16;0.9;longe
16;0.91;longe
16;0.92;longe
16;0.93;longe
16;0.94;longe
16;0.95;longe
16;0.96;longe
16;0.97;longe
16;0.98;longe
16;0.99;longe
17;0.5;longe
17;0.51;longe
17;0.52;longe
17;0.53;longe
17;0.54;longe
17;0.55;longe
17;0.56;longe
17;0.57;longe
17;0.58;longe
17;0.59;longe
17;0.6;longe
17;0.61;longe
17;0.62;longe
17;0.63;longe
17;0.64;longe
17;0.65;longe
17;0.66;longe
17;0.67;longe
17;0.68;longe
17;0.69;longe
17;0.7;longe
17;0.71;longe
17;0.72;longe
17;0.73;longe
17;0.74;longe
17;0.75;longe
17;0.76;longe
17;0.77;longe
17;0.78;longe
17;0.79;longe
17;0.8;longe
17;0.81;longe
17;0.82;longe
17;0.83;longe
17;0.84;longe
17;0.85;longe
17;0.86;longe
17;0.87;longe
17;0.88;longe
17;0.89;longe
17;0.9;longe
17;0.91;longe
17;0.92;longe
17;0.93;longe
17;0.94;longe
17;0.95;longe
17;0.96;longe
17;0.97;longe
17;0.98;longe
17;0.99;longe
18;0.5;longe
18;0.51;longe
18;0.52;longe
18;0.53;longe
18;0.54;longe
18;0.55;longe
18;0.56;longe
18;0.57;longe
18;0.58;longe
18;0.59;longe
18;0.6;longe
18;0.61;longe
18;0.62;longe
18;0.63;longe
18;0.64;longe
18;0.65;longe
18;0.66;longe
18;0.67;longe
18;0.68;longe
18;0.69;longe
18;0.7;longe
18;0.71;longe
18;0.72;longe
18;0.73;longe
18;0.74;longe
18;0.75;longe
18;0.76;longe
18;0.77;longe
18;0.78;longe
18;0.79;longe
18;0.8;longe
18;0.81;longe
18;0.82;longe
18;0.83;longe
18;0.84;longe
18;0.85;longe
18;0.86;longe
18;0.87;longe
18;0.88;longe
18;0.89;longe
18;0.9;longe
18;0.91;longe
18;0.92;longe
18;0.93;longe
18;0.94;longe
18;0.95;longe
18;0.96;longe
18;0.97;longe
18;0.98;longe
18;0.99;perto
19;0.5;longe
19;0.51;longe
19;0.52;longe
19;0.53;longe
19;0.54;longe
19;0.55;longe
19;0.56;longe
19;0.57;longe
19;0.58;longe
19;0.59;longe
19;0.6;longe
19;0.61;longe
19;0.62;longe
19;0.63;longe
19;0.64;longe
19;0.65;longe
19;0.66;longe
19;0.67;longe
19;0.68;longe
19;0.69;longe
19;0.7;longe
19;0.71;longe
19;0.72;longe
19;0.73;longe
19;0.74;longe
19;0.75;longe
19;0.76;longe
19;0.77;longe
19;0.78;longe
19;0.79;longe
19;0.8;longe
19;0.81;longe
19;0.82;longe
19;0.83;longe
19;0.84;longe
19;0.85;longe
19;0.86;longe
19;0.87;longe
19;0.88;longe
19;0.89;longe
19;0.9;longe
19;0.91;longe
19;0.92;longe
19;0.93;longe
19;0.94;longe
19;0.95;longe
19;0.96;perto
19;0.97;perto
19;0.98;perto
19;0.99;perto
20;0.5;longe
20;0.51;longe
20;0.52;longe
20;0.53;longe
20;0.54;longe
20;0.55;longe
20;0.56;longe
20;0.57;longe
20;0.58;longe
20;0.59;longe
20;0.6;longe
20;0.61;longe
20;0.62;longe
20;0.63;longe
20;0.64;longe
20;0.65;longe
20;0.66;longe
20;0.67;longe
20;0.68;longe
20;0.69;longe
20;0.7;longe
20;0.71;longe
20;0.72;longe
20;0.73;longe
20;0.74;longe
20;0.75;longe
20;0.76;longe
20;0.77;longe
20;0.78;longe
20;0.79;longe
20;0.8;longe
20;0.81;longe
20;0.82;longe
20;0.83;longe
20;0.84;longe
20;0.85;longe
20;0.86;longe
20;0.87;longe
20;0.88;longe
20;0.89;longe
20;0.9;longe
20;0.91;longe
20;0.92;longe
20;0.93;longe
20;0.94;perto
20;0.95;perto
20;0.96;perto
20;0.97;perto
20;0.98;perto
20;0.99;perto
21;0.5;longe
21;0.51;longe
21;0.52;longe
21;0.53;longe
21;0.54;longe
21;0.55;longe
21;0.56;longe
21;0.57;longe
21;0.58;longe
21;0.59;longe
21;0.6;longe
21;0.61;longe
21;0.62;longe
21;0.63;longe
21;0.64;longe
21;0.65;longe
21;0.66;longe
21;0.67;longe
21;0.68;longe
21;0.69;longe
21;0.7;longe
21;0.71;longe
21;0.72;longe
21;0.73;longe
21;0.74;longe
21;0.75;longe
21;0.76;longe
21;0.77;longe
21;0.78;longe
21;0.79;longe
21;0.8;longe
21;0.81;longe
21;0.82;longe
21;0.83;longe
21;0.84;longe
21;0.85;longe
21;0.86;longe
21;0.87;longe
21;0.88;longe
21;0.89;longe
21;0.9;longe
21;0.91;longe
21;0.92;perto
21;0.93;perto
21;0.94;perto
21;0.95;perto
21;0.96;perto
21;0.97;perto
21;0.98;perto
21;0.99;muito perto
22;0.5;longe
22;0.51;longe
22;0.52;longe
22;0.53;longe
22;0.54;longe
22;0.55;longe
22;0.56;longe
22;0.57;longe
22;0.58;longe
22;0.59;longe
22;0.6;longe
22;0.61;longe
22;0.62;longe
22;0.63;longe
22;0.64;longe
22;0.65;longe
22;0.66;longe
22;0.67;longe
22;0.68;longe
22;0.69;longe
22;0.7;longe
22;0.71;longe
22;0.72;longe
22;0.73;longe
22;0.74;longe
22;0.75;longe
22;0.76;longe
22;0.77;longe
22;0.78;longe
22;0.79;longe
22;0.8;longe
22;0.81;longe
22;0.82;longe
22;0.83;longe
22;0.84;longe
22;0.85;longe
22;0.86;longe
22;0.87;longe
22;0.88;longe
22;0.89;longe
22;0.9;perto
22;0.91;perto
22;0.92;perto
22;0.93;perto
22;0.94;perto
22;0.95;perto
22;0.96;muito perto
22;0.97;muito perto
22;0.98;muito perto
22;0.99;longe
23;0.5;longe
23;0.51;longe
23;0.52;longe
23;0.53;longe
23;0.54;longe
23;0.55;longe
23;0.56;longe
23;0.57;longe
23;0.58;longe
23;0.59;longe
23;0.6;longe
23;0.61;longe
23;0.62;longe
23;0.63;longe
23;0.64;longe
23;0.65;longe
23;0.66;longe
23;0.67;longe
23;0.68;longe
23;0.69;longe
23;0.7;longe
23;0.71;longe
23;0.72;longe
23;0.73;longe
23;0.74;longe
23;0.75;longe
23;0.76;longe
23;0.77;longe
23;0.78;longe
23;0.79;longe
23;0.8;longe
23;0.81;longe
23;0.82;longe
23;0.83;longe
23;0.84;longe
23;0.85;longe
23;0.86;longe
23;0.87;longe
23;0.88;perto
23;0.89;perto
23;0.9;perto
23;0.91;perto
23;0.92;perto
23;0.93;perto
23;0.94;perto
23;0.95;muito perto
23;0.96;muito perto
23;0.97;longe
23;0.98;longe
23;0.99;muito perto
24;0.5;longe
24;0.51;longe
24;0.52;longe
24;0.53;longe
24;0.54;longe
24;0.55;longe
24;0.56;longe
24;0.57;longe
24;0.58;longe
24;0.59;longe
24;0.6;longe
24;0.61;longe
24;0.62;longe
24;0.63;longe
24;0.64;longe
24;0.65;longe
24;0.66;longe
24;0.67;longe
24;0.68;longe
24;0.69;longe
24;0.7;longe
24;0.71;longe
24;0.72;longe
24;0.73;longe
24;0.74;longe
24;0.75;longe
24;0.76;longe
24;0.77;longe
24;0.78;longe
24;0.79;longe
24;0.8;longe
24;0.81;longe
24;0.82;longe
24;0.83;longe
24;0.84;longe
24;0.85;longe
24;0.86;longe
24;0.87;perto
24;0.88;perto
24;0.89;perto
24;0.9;perto
24;0.91;perto
24;0.92;perto
24;0.93;muito perto
24;0.94;muito perto
24;0.95;longe
24;0.96;longe
24;0.97;perto
24;0.98;acertou
24;0.99;acertou
25;0.5;longe
25;0.51;longe
25;0.52;longe
25;0.53;longe
25;0.54;longe
25;0.55;longe
25;0.56;longe
25;0.57;longe
25;0.58;longe
25;0.59;longe
25;0.6;longe
25;0.61;longe
25;0.62;longe
25;0.63;longe
25;0.64;longe
25;0.65;longe
25;0.66;longe
25;0.67;longe
25;0.68;longe
25;0.69;longe
25;0.7;longe
25;0.71;longe
25;0.72;longe
25;0.73;longe
25;0.74;longe
25;0.75;longe
25;0.76;longe
25;0.77;longe
25;0.78;longe
25;0.79;longe
25;0.8;longe
25;0.81;longe
25;0.82;longe
25;0.83;longe
25;0.84;longe
25;0.85;perto
25;0.86;perto
25;0.87;perto
25;0.88;perto
25;0.89;perto
25;0.9;perto
25;0.91;muito perto
25;0.92;muito perto
25;0.93;longe
25;0.94;longe
25;0.95;longe
25;0.96;perto
25;0.97;acertou
25;0.98;perto
25;0.99;acertou
26;0.5;longe
26;0.51;longe
26;0.52;longe
26;0.53;longe
26;0.54;longe
26;0.55;longe
26;0.56;longe
26;0.57;longe
26;0.58;longe
26;0.59;longe
26;0.6;longe
26;0.61;longe
26;0.62;longe
26;0.63;longe
26;0.64;longe
26;0.65;longe
26;0.66;longe
26;0.67;longe
26;0.68;longe
26;0.69;longe
26;0.7;longe
26;0.71;longe
26;0.72;longe
26;0.73;longe
26;0.74;longe
26;0.75;longe
26;0.76;longe
26;0.77;longe
26;0.78;longe
26;0.79;longe
26;0.8;longe
26;0.81;longe
26;0.82;longe
26;0.83;longe
26;0.84;perto
26;0.85;perto
26;0.86;perto
26;0.87;perto
26;0.88;perto
26;0.89;perto
26;0.9;muito perto
26;0.91;muito perto
26;0.92;longe
26;0.93;longe
26;0.94;perto
26;0.95;perto
26;0.96;acertou
26;0.97;perto
26;0.98;acertou
26;0.99;longe
27;0.5;longe
27;0.51;longe
27;0.52;longe
27;0.53;longe
27;0.54;longe
27;0.55;longe
27;0.56;longe
27;0.57;longe
27;0.58;longe
27;0.59;longe
27;0.6;longe
27;0.61;longe
27;0.62;longe
27;0.63;longe
27;0.64;longe
27;0.65;longe
27;0.66;longe
27;0.67;longe
27;0.68;longe
27;0.69;longe
27;0.7;longe
27;0.71;longe
27;0.72;longe
27;0.73;longe
27;0.74;longe
27;0.75;longe
27;0.76;longe
27;0.77;longe
27;0.78;longe
27;0.79;longe
27;0.8;longe
27;0.81;longe
27;0.82;longe
27;0.83;perto
27;0.84;perto
27;0.85;perto
27;0.86;perto
27;0.87;perto
27;0.88;perto
27;0.89;muito perto
27;0.9;muito perto
27;0.91;longe
27;0.92;longe
27;0.93;acertou
27;0.94;acertou
27;0.95;perto
27;0.96;muito perto
27;0.97;acertou
27;0.98;longe
27;0.99;perto
28;0.5;longe
28;0.51;longe
28;0.52;longe
28;0.53;longe
28;0.54;longe
28;0.55;longe
28;0.56;longe
28;0.57;longe
28;0.58;longe
28;0.59;longe
28;0.6;longe
28;0.61;longe
28;0.62;longe
28;0.63;longe
28;0.64;longe
28;0.65;longe
28;0.66;longe
28;0.67;longe
28;0.68;longe
28;0.69;longe
28;0.7;longe
28;0.71;longe
28;0.72;longe
28;0.73;longe
28;0.74;longe
28;0.75;longe
28;0.76;longe
28;0.77;longe
28;0.78;longe
28;0.79;longe
28;0.8;longe
28;0.81;longe
28;0.82;perto
28;0.83;perto
28;0.84;perto
28;0.85;perto
28;0.86;perto
28;0.87;perto
28;0.88;muito perto
28;0.89;muito perto
28;0.9;longe
28;0.91;longe
28;0.92;muito perto
28;0.93;acertou
28;0.94;muito perto
28;0.95;acertou
28;0.96;longe
28;0.97;acertou
28;0.98;muito perto
28;0.99;acertou
29;0.5;longe
29;0.51;longe
29;0.52;longe
29;0.53;longe
29;0.54;longe
29;0.55;longe
29;0.56;longe
29;0.57;longe
29;0.58;longe
29;0.59;longe
29;0.6;longe
29;0.61;longe
29;0.62;longe
29;0.63;longe
29;0.64;longe
29;0.65;longe
29;0.66;longe
29;0.67;longe
29;0.68;longe
29;0.69;longe
29;0.7;longe
29;0.71;longe
29;0.72;longe
29;0.73;longe
29;0.74;longe
29;0.75;longe
29;0.76;longe
29;0.77;longe
29;0.78;longe
29;0.79;longe
29;0.8;perto
29;0.81;perto
29;0.82;perto
29;0.83;perto
29;0.84;perto
29;0.85;perto
29;0.86;perto
29;0.87;muito perto
29;0.88;muito perto
29;0.89;longe
29;0.9;longe
29;0.91;muito perto
29;0.92;acertou
29;0.93;muito perto
29;0.94;acertou
29;0.95;longe
29;0.96;acertou
29;0.97;muito perto
29;0.98;perto
29;0.99;perto
30;0.5;longe
30;0.51;longe
30;0.52;longe
30;0.53;longe
30;0.54;longe
30;0.55;longe
30;0.56;longe
30;0.57;longe
30;0.58;longe
30;0.59;longe
30;0.6;longe
30;0.61;longe
30;0.62;longe
30;0.63;longe
30;0.64;longe
30;0.65;longe
30;0.66;longe
30;0.67;longe
30;0.68;longe
30;0.69;longe
30;0.7;longe
30;0.71;longe
30;0.72;longe
30;0.73;longe
30;0.74;longe
30;0.75;longe
30;0.76;longe
30;0.77;longe
30;0.78;longe
30;0.79;perto
30;0.8;perto
30;0.81;perto
30;0.82;perto
30;0.83;perto
30;0.84;perto
30;0.85;perto
30;0.86;muito perto
30;0.87;muito perto
30;0.88;longe
30;0.89;longe
30;0.9;muito perto
30;0.91;acertou
30;0.92;perto
30;0.93;acertou
30;0.94;longe
30;0.95;acertou
30;0.96;acertou
30;0.97;acertou
30;0.98;perto
30;0.99;perto
31;0.5;longe
31;0.51;longe
31;0.52;longe
31;0.53;longe
31;0.54;longe
31;0.55;longe
31;0.56;longe
31;0.57;longe
31;0.58;longe
31;0.59;longe
31;0.6;longe
31;0.61;longe
31;0.62;longe
31;0.63;longe
31;0.64;longe
31;0.65;longe
31;0.66;longe
31;0.67;longe
31;0.68;longe
31;0.69;longe
31;0.7;longe
31;0.71;longe
31;0.72;longe
31;0.73;longe
31;0.74;longe
31;0.75;longe
31;0.76;longe
31;0.77;longe
31;0.78;longe
31;0.79;perto
31;0.8;perto
31;0.81;perto
31;0.82;perto
31;0.83;perto
31;0.84;perto
31;0.85;muito perto
31;0.86;muito perto
31;0.87;longe
31;0.88;longe
31;0.89;perto
31;0.9;acertou
31;0.91;acertou
31;0.92;acertou
31;0.93;longe
31;0.94;perto
31;0.95;acertou
31;0.96;acertou
31;0.97;perto
31;0.98;perto
31;0.99;perto
32;0.5;longe
32;0.51;longe
32;0.52;longe
32;0.53;longe
32;0.54;longe
32;0.55;longe
32;0.56;longe
32;0.57;longe
32;0.58;longe
32;0.59;longe
32;0.6;longe
32;0.61;longe
32;0.62;longe
32;0.63;longe
32;0.64;longe
32;0.65;longe
32;0.66;longe
32;0.67;longe
32;0.68;longe
32;0.69;longe
32;0.7;longe
32;0.71;longe
32;0.72;longe
32;0.73;longe
32;0.74;longe
32;0.75;longe
32;0.76;longe
32;0.77;longe
32;0.78;perto
32;0.79;perto
32;0.8;perto
32;0.81;perto
32;0.82;perto
32;0.83;perto
32;0.84;muito perto
32;0.85;muito perto
32;0.86;muito perto
32;0.87;longe
32;0.88;acertou
32;0.89;perto
32;0.9;acertou
32;0.91;acertou
32;0.92;longe
32;0.93;perto
32;0.94;acertou
32;0.95;acertou
32;0.96;perto
32;0.97;perto
32;0.98;perto
32;0.99;perto
33;0.5;longe
33;0.51;longe
33;0.52;longe
33;0.53;longe
33;0.54;longe
33;0.55;longe
33;0.56;longe
33;0.57;longe
33;0.58;longe
33;0.59;longe
33;0.6;longe
33;0.61;longe
33;0.62;longe
33;0.63;longe
33;0.64;longe
33;0.65;longe
33;0.66;longe
33;0.67;longe
33;0.68;longe
33;0.69;longe
33;0.7;longe
33;0.71;longe
33;0.72;longe
33;0.73;longe
33;0.74;longe
33;0.75;longe
33;0.76;longe
33;0.77;perto
33;0.78;perto
33;0.79;perto
33;0.8;perto
33;0.81;perto
33;0.82;perto
33;0.83;muito perto
33;0.84;muito perto
33;0.85;muito perto
33;0.86;longe
33;0.87;perto
33;0.88;perto
33;0.89;acertou
33;0.9;acertou
33;0.91;longe
33;0.92;longe
33;0.93;muito perto
33;0.94;acertou
33;0.95;perto
33;0.96;perto
33;0.97;perto
33;0.98;perto
33;0.99;perto
34;0.5;longe
34;0.51;longe
34;0.52;longe
34;0.53;longe
34;0.54;longe
34;0.55;longe
34;0.56;longe
34;0.57;longe
34;0.58;longe
34;0.59;longe
34;0.6;longe
34;0.61;longe
34;0.62;longe
34;0.63;longe
34;0.64;longe
34;0.65;longe
34;0.66;longe
34;0.67;longe
34;0.68;longe
34;0.69;longe
34;0.7;longe
34;0.71;longe
34;0.72;longe
34;0.73;longe
34;0.74;longe
34;0.75;longe
34;0.76;perto
34;0.77;perto
34;0.78;perto
34;0.79;perto
34;0.8;perto
34;0.81;perto
34;0.82;perto
34;0.83;muito perto
34;0.84;muito perto
34;0.85;longe
34;0.86;longe
34;0.87;perto
34;0.88;perto
34;0.89;acertou
34;0.9;acertou
34;0.91;longe
34;0.92;perto
34;0.93;acertou
34;0.94;perto
34;0.95;perto
34;0.96;perto
34;0.97;perto
34;0.98;perto
34;0.99;perto
35;0.5;longe
35;0.51;longe
35;0.52;longe
35;0.53;longe
35;0.54;longe
35;0.55;longe
35;0.56;longe
35;0.57;longe
35;0.58;longe
35;0.59;longe
35;0.6;longe
35;0.61;longe
35;0.62;longe
35;0.63;longe
35;0.64;longe
35;0.65;longe
35;0.66;longe
35;0.67;longe
35;0.68;longe
35;0.69;longe
35;0.7;longe
35;0.71;longe
35;0.72;longe
35;0.73;longe
35;0.74;longe
35;0.75;longe
35;0.76;perto
35;0.77;perto
35;0.78;perto
35;0.79;perto
35;0.8;perto
35;0.81;perto
35;0.82;muito perto
35;0.83;muito perto
35;0.84;muito perto
35;0.85;longe
35;0.86;acertou
35;0.87;acertou
35;0.88;acertou
35;0.89;acertou
35;0.9;longe
35;0.91;perto
35;0.92;perto
35;0.93;perto
35;0.94;perto
35;0.95;perto
35;0.96;perto
35;0.97;perto
35;0.98;perto
35;0.99;perto
36;0.5;longe
36;0.51;longe
36;0.52;longe
36;0.53;longe
36;0.54;longe
36;0.55;longe
36;0.56;longe
36;0.57;longe
36;0.58;longe
36;0.59;longe
36;0.6;longe
36;0.61;longe
36;0.62;longe
36;0.63;longe
36;0.64;longe
36;0.65;longe
36;0.66;longe
36;0.67;longe
36;0.68;longe
36;0.69;longe
36;0.7;longe
36;0.71;longe
36;0.72;longe
36;0.73;longe
36;0.74;longe
36;0.75;longe
36;0.76;perto
36;0.77;perto
36;0.78;perto
36;0.79;perto
36;0.8;perto
36;0.81;perto
36;0.82;muito perto
36;0.83;muito perto
36;0.84;longe
36;0.85;perto
36;0.86;muito perto
36;0.87;muito perto
36;0.88;acertou
36;0.89;acertou
36;0.9;longe
36;0.91;perto
36;0.92;perto
36;0.93;perto
36;0.94;perto
36;0.95;perto
36;0.96;perto
36;0.97;perto
36;0.98;perto
36;0.99;perto
37;0.5;longe
37;0.51;longe
37;0.52;longe
37;0.53;longe
37;0.54;longe
37;0.55;longe
37;0.56;longe
37;0.57;longe
37;0.58;longe
37;0.59;longe
37;0.6;longe
37;0.61;longe
37;0.62;longe
37;0.63;longe
37;0.64;longe
37;0.65;longe
37;0.66;longe
37;0.67;longe
37;0.68;longe
37;0.69;longe
37;0.7;longe
37;0.71;longe
37;0.72;longe
37;0.73;longe
37;0.74;longe
37;0.75;perto
37;0.76;perto
37;0.77;perto
37;0.78;perto
37;0.79;perto
37;0.8;perto
37;0.81;muito perto
37;0.82;muito perto
37;0.83;longe
37;0.84;perto
37;0.85;muito perto
37;0.86;perto
37;0.87;acertou
37;0.88;acertou
37;0.89;longe
37;0.9;perto
37;0.91;acertou
37;0.92;perto
37;0.93;perto
37;0.94;perto
37;0.95;perto
37;0.96;perto
37;0.97;perto
37;0.98;perto
37;0.99;perto
38;0.5;longe
38;0.51;longe
38;0.52;longe
38;0.53;longe
38;0.54;longe
38;0.55;longe
38;0.56;longe
38;0.57;longe
38;0.58;longe
38;0.59;longe
38;0.6;longe
38;0.61;longe
38;0.62;longe
38;0.63;longe
38;0.64;longe
38;0.65;longe
38;0.66;longe
38;0.67;longe
38;0.68;longe
38;0.69;longe
38;0.7;longe
38;0.71;longe
38;0.72;longe
38;0.73;longe
38;0.74;longe
38;0.75;perto
38;0.76;perto
38;0.77;perto
38;0.78;perto
38;0.79;perto
38;0.8;perto
38;0.81;muito perto
38;0.82;muito perto
38;0.83;longe
38;0.84;acertou
38;0.85;perto
38;0.86;acertou
38;0.87;acertou
38;0.88;muito perto
38;0.89;perto
38;0.9;acertou
38;0.91;acertou
38;0.92;perto
38;0.93;perto
38;0.94;perto
38;0.95;perto
38;0.96;perto
38;0.97;perto
38;0.98;perto
38;0.99;perto
39;0.5;longe
39;0.51;longe
39;0.52;longe
39;0.53;longe
39;0.54;longe
39;0.55;longe
39;0.56;longe
39;0.57;longe
39;0.58;longe
39;0.59;longe
39;0.6;longe
39;0.61;longe
39;0.62;longe
39;0.63;longe
39;0.64;longe
39;0.65;longe
39;0.66;longe
39;0.67;longe
39;0.68;longe
39;0.69;longe
39;0.7;longe
39;0.71;longe
39;0.72;longe
39;0.73;longe
39;0.74;longe
39;0.75;perto
39;0.76;perto
39;0.77;perto
39;0.78;perto
39;0.79;perto
39;0.8;perto
39;0.81;muito perto
39;0.82;perto
39;0.83;longe
39;0.84;perto
39;0.85;muito perto
39;0.86;acertou
39;0.87;acertou
39;0.88;longe
39;0.89;acertou
39;0.9;acertou
39;0.91;perto
39;0.92;perto
39;0.93;perto
39;0.94;perto
39;0.95;perto
39;0.96;perto
39;0.97;perto
39;0.98;perto
39;0.99;muito perto
40;0.5;longe
40;0.51;longe
40;0.52;longe
40;0.53;longe
40;0.54;longe
40;0.55;longe
40;0.56;longe
40;0.57;longe
40;0.58;longe
40;0.59;longe
40;0.6;longe
40;0.61;longe
40;0.62;longe
40;0.63;longe
40;0.64;longe
40;0.65;longe
40;0.66;longe
40;0.67;longe
40;0.68;longe
40;0.69;longe
40;0.7;longe
40;0.71;longe
40;0.72;longe
40;0.73;longe
40;0.74;perto
40;0.75;perto
40;0.76;perto
40;0.77;perto
40;0.78;perto
40;0.79;perto
40;0.8;perto
40;0.81;muito perto
40;0.82;longe
40;0.83;perto
40;0.84;perto
40;0.85;acertou
40;0.86;acertou
40;0.87;muito perto
40;0.88;longe
40;0.89;perto
40;0.9;perto
40;0.91;perto
40;0.92;perto
40;0.93;perto
40;0.94;perto
40;0.95;perto
40;0.96;perto
40;0.97;perto
40;0.98;perto
40;0.99;muito perto
41;0.5;longe
41;0.51;longe
41;0.52;longe
41;0.53;longe
41;0.54;longe
41;0.55;longe
41;0.56;longe
41;0.57;longe
41;0.58;longe
41;0.59;longe
41;0.6;longe
41;0.61;longe
41;0.62;longe
41;0.63;longe
41;0.64;longe
41;0.65;longe
41;0.66;longe
41;0.67;longe
41;0.68;longe
41;0.69;longe
41;0.7;longe
41;0.71;longe
41;0.72;longe
41;0.73;longe
41;0.74;perto
41;0.75;perto
41;0.76;perto
41;0.77;perto
41;0.78;perto
41;0.79;perto
41;0.8;muito perto
41;0.81;muito perto
41;0.82;longe
41;0.83;perto
41;0.84;muito perto
41;0.85;acertou
41;0.86;acertou
41;0.87;perto
41;0.88;longe
41;0.89;perto
41;0.9;muito perto
41;0.91;perto
41;0.92;perto
41;0.93;perto
41;0.94;perto
41;0.95;perto
41;0.96;perto
41;0.97;perto
41;0.98;perto
41;0.99;muito perto
42;0.5;longe
42;0.51;longe
42;0.52;longe
42;0.53;longe
42;0.54;longe
42;0.55;longe
42;0.56;longe
42;0.57;longe
42;0.58;longe
42;0.59;longe
42;0.6;longe
42;0.61;longe
42;0.62;longe
42;0.63;longe
42;0.64;longe
42;0.65;longe
42;0.66;longe
42;0.67;longe
42;0.68;longe
42;0.69;longe
42;0.7;longe
42;0.71;longe
42;0.72;longe
42;0.73;longe
42;0.74;perto
42;0.75;perto
42;0.76;perto
42;0.77;perto
42;0.78;perto
42;0.79;perto
42;0.8;muito perto
42;0.81;perto
42;0.82;longe
42;0.83;acertou
42;0.84;perto
42;0.85;acertou
42;0.86;acertou
42;0.87;perto
42;0.88;muito perto
42;0.89;acertou
42;0.9;muito perto
42;0.91;perto
42;0.92;perto
42;0.93;perto
42;0.94;perto
42;0.95;perto
42;0.96;perto
42;0.97;perto
42;0.98;perto
42;0.99;muito perto
43;0.5;longe
43;0.51;longe
43;0.52;longe
43;0.53;longe
43;0.54;longe
43;0.55;longe
43;0.56;longe
43;0.57;longe
43;0.58;longe
43;0.59;longe
43;0.6;longe
43;0.61;longe
43;0.62;longe
43;0.63;longe
43;0.64;longe
43;0.65;longe
43;0.66;longe
43;0.67;longe
43;0.68;longe
43;0.69;longe
43;0.7;longe
43;0.71;longe
43;0.72;longe
43;0.73;longe
43;0.74;perto
43;0.75;perto
43;0.76;perto
43;0.77;perto
43;0.78;perto
43;0.79;perto
43;0.8;muito perto
43;0.81;perto
43;0.82;longe
43;0.83;muito perto
43;0.84;acertou
43;0.85;acertou
43;0.86;acertou
43;0.87;longe
43;0.88;perto
43;0.89;acertou
43;0.9;muito perto
43;0.91;perto
43;0.92;perto
43;0.93;perto
43;0.94;perto
43;0.95;perto
43;0.96;perto
43;0.97;perto
43;0.98;perto
43;0.99;muito perto
44;0.5;longe
44;0.51;longe
44;0.52;longe
44;0.53;longe
44;0.54;longe
44;0.55;longe
44;0.56;longe
44;0.57;longe
44;0.58;longe
44;0.59;longe
44;0.6;longe
44;0.61;longe
44;0.62;longe
44;0.63;longe
44;0.64;longe
44;0.65;longe
44;0.66;longe
44;0.67;longe
44;0.68;longe
44;0.69;longe
44;0.7;longe
44;0.71;longe
44;0.72;longe
44;0.73;longe
44;0.74;perto
44;0.75;perto
44;0.76;perto
44;0.77;perto
44;0.78;perto
44;0.79;muito perto
44;0.8;muito perto
44;0.81;longe
44;0.82;longe
44;0.83;muito perto
44;0.84;perto
44;0.85;acertou
44;0.86;acertou
44;0.87;longe
44;0.88;muito perto
44;0.89;perto
44;0.9;perto
44;0.91;perto
44;0.92;perto
44;0.93;perto
44;0.94;perto
44;0.95;perto
44;0.96;perto
44;0.97;perto
44;0.98;muito perto
44;0.99;perto
45;0.5;longe
45;0.51;longe
45;0.52;longe
45;0.53;longe
45;0.54;longe
45;0.55;longe
45;0.56;longe
45;0.57;longe
45;0.58;longe
45;0.59;longe
45;0.6;longe
45;0.61;longe
45;0.62;longe
45;0.63;longe
45;0.64;longe
45;0.65;longe
45;0.66;longe
45;0.67;longe
45;0.68;longe
45;0.69;longe
45;0.7;longe
45;0.71;longe
45;0.72;longe
45;0.73;perto
45;0.74;perto
45;0.75;perto
45;0.76;perto
45;0.77;perto
45;0.78;perto
45;0.79;muito perto
45;0.8;muito perto
45;0.81;muito perto
45;0.82;longe
45;0.83;muito perto
45;0.84;acertou
45;0.85;acertou
45;0.86;acertou
45;0.87;longe
45;0.88;perto
45;0.89;muito perto
45;0.9;perto
45;0.91;perto
45;0.92;perto
45;0.93;perto
45;0.94;perto
45;0.95;perto
45;0.96;perto
45;0.97;perto
45;0.98;muito perto
45;0.99;perto
46;0.5;longe
46;0.51;longe
46;0.52;longe
46;0.53;longe
46;0.54;longe
46;0.55;longe
46;0.56;longe
46;0.57;longe
46;0.58;longe
46;0.59;longe
46;0.6;longe
46;0.61;longe
46;0.62;longe
46;0.63;longe
46;0.64;longe
46;0.65;longe
46;0.66;longe
46;0.67;longe
46;0.68;longe
46;0.69;longe
46;0.7;longe
46;0.71;longe
46;0.72;longe
46;0.73;perto
46;0.74;perto
46;0.75;perto
46;0.76;perto
46;0.77;perto
46;0.78;perto
46;0.79;muito perto
46;0.8;muito perto
46;0.81;perto
46;0.82;longe
46;0.83;perto
46;0.84;acertou
46;0.85;acertou
46;0.86;acertou
46;0.87;longe
46;0.88;muito perto
46;0.89;acertou
46;0.9;muito perto
46;0.91;perto
46;0.92;perto
46;0.93;perto
46;0.94;perto
46;0.95;perto
46;0.96;perto
46;0.97;muito perto
46;0.98;muito perto
46;0.99;muito perto
47;0.5;longe
47;0.51;longe
47;0.52;longe
47;0.53;longe
47;0.54;longe
47;0.55;longe
47;0.56;longe
47;0.57;longe
47;0.58;longe
47;0.59;longe
47;0.6;longe
47;0.61;longe
47;0.62;longe
47;0.63;longe
47;0.64;longe
47;0.65;longe
47;0.66;longe
47;0.67;longe
47;0.68;longe
47;0.69;longe
47;0.7;longe
47;0.71;longe
47;0.72;longe
47;0.73;perto
47;0.74;perto
47;0.75;perto
47;0.76;perto
47;0.77;perto
47;0.78;perto
47;0.79;perto
47;0.8;muito perto
47;0.81;perto
47;0.82;longe
47;0.83;perto
47;0.84;perto
47;0.85;acertou
47;0.86;acertou
47;0.87;longe
47;0.88;perto
47;0.89;perto
47;0.9;perto
47;0.91;perto
47;0.92;perto
47;0.93;perto
47;0.94;perto
47;0.95;perto
47;0.96;perto
47;0.97;perto
47;0.98;muito perto
47;0.99;perto
48;0.5;longe
48;0.51;longe
48;0.52;longe
48;0.53;longe
48;0.54;longe
48;0.55;longe
48;0.56;longe
48;0.57;longe
48;0.58;longe
48;0.59;longe
48;0.6;longe
48;0.61;longe
48;0.62;longe
48;0.63;longe
48;0.64;longe
48;0.65;longe
48;0.66;longe
48;0.67;longe
48;0.68;longe
48;0.69;longe
48;0.7;longe
48;0.71;longe
48;0.72;longe
48;0.73;longe
48;0.74;perto
48;0.75;perto
48;0.76;perto
48;0.77;perto
48;0.78;perto
48;0.79;perto
48;0.8;muito perto
48;0.81;perto
48;0.82;longe
48;0.83;muito perto
48;0.84;perto
48;0.85;acertou
48;0.86;acertou
48;0.87;longe
48;0.88;acertou
48;0.89;acertou
48;0.9;muito perto
48;0.91;perto
48;0.92;perto
48;0.93;perto
48;0.94;perto
48;0.95;perto
48;0.96;perto
48;0.97;perto
48;0.98;muito perto
48;0.99;muito perto
49;0.5;longe
49;0.51;longe
49;0.52;longe
49;0.53;longe
49;0.54;longe
49;0.55;longe
49;0.56;longe
49;0.57;longe
49;0.58;longe
49;0.59;longe
49;0.6;longe
49;0.61;longe
49;0.62;longe
49;0.63;longe
49;0.64;longe
49;0.65;longe
49;0.66;longe
49;0.67;longe
49;0.68;longe
49;0.69;longe
49;0.7;longe
49;0.71;longe
49;0.72;longe
49;0.73;longe
49;0.74;perto
49;0.75;perto
49;0.76;perto
49;0.77;perto
49;0.78;perto
49;0.79;perto
49;0.8;muito perto
49;0.81;perto
49;0.82;longe
49;0.83;perto
49;0.84;acertou
49;0.85;acertou
49;0.86;acertou
49;0.87;longe
49;0.88;muito perto
49;0.89;acertou
49;0.9;muito perto
49;0.91;perto
49;0.92;perto
49;0.93;perto
49;0.94;perto
49;0.95;perto
49;0.96;perto
49;0.97;perto
49;0.98;muito perto
49;0.99;muito perto
50;0.5;longe
50;0.51;longe
50;0.52;longe
50;0.53;longe
50;0.54;longe
50;0.55;longe
50;0.56;longe
50;0.57;longe
50;0.58;longe
50;0.59;longe
50;0.6;longe
50;0.61;longe
50;0.62;longe
50;0.63;longe
50;0.64;longe
50;0.65;longe
50;0.66;longe
50;0.67;longe
50;0.68;longe
50;0.69;longe
50;0.7;longe
50;0.71;longe
50;0.72;longe
50;0.73;longe
50;0.74;perto
50;0.75;perto
50;0.76;perto
50;0.77;perto
50;0.78;perto
50;0.79;perto
50;0.8;muito perto
50;0.81;muito perto
50;0.82;longe
50;0.83;acertou
50;0.84;perto
50;0.85;acertou
50;0.86;acertou
50;0.87;perto
50;0.88;perto
50;0.89;perto
50;0.9;muito perto
50;0.91;perto
50;0.92;perto
50;0.93;perto
50;0.94;perto
50;0.95;perto
50;0.96;perto
50;0.97;perto
50;0.98;muito perto
50;0.99;muito perto
51;0.5;longe
51;0.51;longe
51;0.52;longe
51;0.53;longe
51;0.54;longe
51;0.55;longe
51;0.56;longe
51;0.57;longe
51;0.58;longe
51;0.59;longe
51;0.6;longe
51;0.61;longe
51;0.62;longe
51;0.63;longe
51;0.64;longe
51;0.65;longe
51;0.66;longe
51;0.67;longe
51;0.68;longe
51;0.69;longe
51;0.7;longe
51;0.71;longe
51;0.72;longe
51;0.73;longe
51;0.74;perto
51;0.75;perto
51;0.76;perto
51;0.77;perto
51;0.78;perto
51;0.79;perto
51;0.8;muito perto
51;0.81;muito perto
51;0.82;longe
51;0.83;perto
51;0.84;muito perto
51;0.85;acertou
51;0.86;acertou
51;0.87;perto
51;0.88;longe
51;0.89;acertou
51;0.9;perto
51;0.91;perto
51;0.92;perto
51;0.93;perto
51;0.94;perto
51;0.95;perto
51;0.96;perto
51;0.97;perto
51;0.98;muito perto
51;0.99;muito perto
52;0.5;longe
52;0.51;longe
52;0.52;longe
52;0.53;longe
52;0.54;longe
52;0.55;longe
52;0.56;longe
52;0.57;longe
52;0.58;longe
52;0.59;longe
52;0.6;longe
52;0.61;longe
52;0.62;longe
52;0.63;longe
52;0.64;longe
52;0.65;longe
52;0.66;longe
52;0.67;longe
52;0.68;longe
52;0.69;longe
52;0.7;longe
52;0.71;longe
52;0.72;longe
52;0.73;longe
52;0.74;perto
52;0.75;perto
52;0.76;perto
52;0.77;perto
52;0.78;perto
52;0.79;perto
52;0.8;perto
52;0.81;muito perto
52;0.82;longe
52;0.83;longe
52;0.84;perto
52;0.85;perto
52;0.86;acertou
52;0.87;acertou
52;0.88;longe
52;0.89;perto
52;0.9;muito perto
52;0.91;perto
52;0.92;perto
52;0.93;perto
52;0.94;perto
52;0.95;perto
52;0.96;perto
52;0.97;perto
52;0.98;perto
52;0.99;muito perto
53;0.5;longe
53;0.51;longe
53;0.52;longe
53;0.53;longe
53;0.54;longe
53;0.55;longe
53;0.56;longe
53;0.57;longe
53;0.58;longe
53;0.59;longe
53;0.6;longe
53;0.61;longe
53;0.62;longe
53;0.63;longe
53;0.64;longe
53;0.65;longe
53;0.66;longe
53;0.67;longe
53;0.68;longe
53;0.69;longe
53;0.7;longe
53;0.71;longe
53;0.72;longe
53;0.73;longe
53;0.74;longe
53;0.75;perto
53;0.76;perto
53;0.77;perto
53;0.78;perto
53;0.79;perto
53;0.8;perto
53;0.81;muito perto
53;0.82;muito perto
53;0.83;longe
53;0.84;muito perto
53;0.85;perto
53;0.86;acertou
53;0.87;acertou
53;0.88;perto
53;0.89;perto
53;0.9;acertou
53;0.91;muito perto
53;0.92;perto
53;0.93;perto
53;0.94;perto
53;0.95;perto
53;0.96;perto
53;0.97;perto
53;0.98;perto
53;0.99;perto
54;0.5;longe
54;0.51;longe
54;0.52;longe
54;0.53;longe
54;0.54;longe
54;0.55;longe
54;0.56;longe
54;0.57;longe
54;0.58;longe
54;0.59;longe
54;0.6;longe
54;0.61;longe
54;0.62;longe
54;0.63;longe
54;0.64;longe
54;0.65;longe
54;0.66;longe
54;0.67;longe
54;0.68;longe
54;0.69;longe
54;0.7;longe
54;0.71;longe
54;0.72;longe
54;0.73;longe
54;0.74;longe
54;0.75;perto
54;0.76;perto
54;0.77;perto
54;0.78;perto
54;0.79;perto
54;0.8;perto
54;0.81;muito perto
54;0.82;muito perto
54;0.83;longe
54;0.84;longe
54;0.85;muito perto
54;0.86;acertou
54;0.87;acertou
54;0.88;acertou
54;0.89;longe
54;0.9;perto
54;0.91;perto
54;0.92;perto
54;0.93;perto
54;0.94;perto
54;0.95;perto
54;0.96;perto
54;0.97;perto
54;0.98;perto
54;0.99;perto
55;0.5;longe
55;0.51;longe
55;0.52;longe
55;0.53;longe
55;0.54;longe
55;0.55;longe
55;0.56;longe
55;0.57;longe
55;0.58;longe
55;0.59;longe
55;0.6;longe
55;0.61;longe
55;0.62;longe
55;0.63;longe
55;0.64;longe
55;0.65;longe
55;0.66;longe
55;0.67;longe
55;0.68;longe
55;0.69;longe
55;0.7;longe
55;0.71;longe
55;0.72;longe
55;0.73;longe
55;0.74;longe
55;0.75;longe
55;0.76;perto
55;0.77;perto
55;0.78;perto
55;0.79;perto
55;0.8;perto
55;0.81;perto
55;0.82;muito perto
55;0.83;muito perto
55;0.84;longe
55;0.85;muito perto
55;0.86;perto
55;0.87;acertou
55;0.88;acertou
55;0.89;perto
55;0.9;acertou
55;0.91;acertou
55;0.92;muito perto
55;0.93;perto
55;0.94;perto
55;0.95;perto
55;0.96;perto
55;0.97;perto
55;0.98;perto
55;0.99;perto
56;0.5;longe
56;0.51;longe
56;0.52;longe
56;0.53;longe
56;0.54;longe
56;0.55;longe
56;0.56;longe
56;0.57;longe
56;0.58;longe
56;0.59;longe
56;0.6;longe
56;0.61;longe
56;0.62;longe
56;0.63;longe
56;0.64;longe
56;0.65;longe
56;0.66;longe
56;0.67;longe
56;0.68;longe
56;0.69;longe
56;0.7;longe
56;0.71;longe
56;0.72;longe
56;0.73;longe
56;0.74;longe
56;0.75;longe
56;0.76;perto
56;0.77;perto
56;0.78;perto
56;0.79;perto
56;0.8;perto
56;0.81;perto
56;0.82;muito perto
56;0.83;muito perto
56;0.84;longe
56;0.85;muito perto
56;0.86;muito perto
56;0.87;acertou
56;0.88;acertou
56;0.89;acertou
56;0.9;longe
56;0.91;muito perto
56;0.92;acertou
56;0.93;muito perto
56;0.94;perto
56;0.95;perto
56;0.96;perto
56;0.97;perto
56;0.98;perto
56;0.99;perto
57;0.5;longe
57;0.51;longe
57;0.52;longe
57;0.53;longe
57;0.54;longe
57;0.55;longe
57;0.56;longe
57;0.57;longe
57;0.58;longe
57;0.59;longe
57;0.6;longe
57;0.61;longe
57;0.62;longe
57;0.63;longe
57;0.64;longe
57;0.65;longe
57;0.66;longe
57;0.67;longe
57;0.68;longe
57;0.69;longe
57;0.7;longe
57;0.71;longe
57;0.72;longe
57;0.73;longe
57;0.74;longe
57;0.75;longe
57;0.76;longe
57;0.77;perto
57;0.78;perto
57;0.79;perto
57;0.8;perto
57;0.81;perto
57;0.82;perto
57;0.83;muito perto
57;0.84;muito perto
57;0.85;longe
57;0.86;acertou
57;0.87;muito perto
57;0.88;acertou
57;0.89;acertou
57;0.9;acertou
57;0.91;longe
57;0.92;perto
57;0.93;muito perto
57;0.94;perto
57;0.95;perto
57;0.96;perto
57;0.97;perto
57;0.98;perto
57;0.99;perto
58;0.5;longe
58;0.51;longe
58;0.52;longe
58;0.53;longe
58;0.54;longe
58;0.55;longe
58;0.56;longe
58;0.57;longe
58;0.58;longe
58;0.59;longe
58;0.6;longe
58;0.61;longe
58;0.62;longe
58;0.63;longe
58;0.64;longe
58;0.65;longe
58;0.66;longe
58;0.67;longe
58;0.68;longe
58;0.69;longe
58;0.7;longe
58;0.71;longe
58;0.72;longe
58;0.73;longe
58;0.74;longe
58;0.75;longe
58;0.76;longe
58;0.77;perto
58;0.78;perto
58;0.79;perto
58;0.8;perto
58;0.81;perto
58;0.82;perto
58;0.83;perto
58;0.84;muito perto
58;0.85;longe
58;0.86;longe
58;0.87;perto
58;0.88;acertou
58;0.89;acertou
58;0.9;acertou
58;0.91;perto
58;0.92;acertou
58;0.93;acertou
58;0.94;muito perto
58;0.95;perto
58;0.96;perto
58;0.97;perto
58;0.98;perto
58;0.99;perto
59;0.5;longe
59;0.51;longe
59;0.52;longe
59;0.53;longe
59;0.54;longe
59;0.55;longe
59;0.56;longe
59;0.57;longe
59;0.58;longe
59;0.59;longe
59;0.6;longe
59;0.61;longe
59;0.62;longe
59;0.63;longe
59;0.64;longe
59;0.65;longe
59;0.66;longe
59;0.67;longe
59;0.68;longe
59;0.69;longe
59;0.7;longe
59;0.71;longe
59;0.72;longe
59;0.73;longe
59;0.74;longe
59;0.75;longe
59;0.76;longe
59;0.77;longe
59;0.78;perto
59;0.79;perto
59;0.8;perto
59;0.81;perto
59;0.82;perto
59;0.83;perto
59;0.84;muito perto
59;0.85;muito perto
59;0.86;longe
59;0.87;longe
59;0.88;muito perto
59;0.89;acertou
59;0.9;acertou
59;0.91;acertou
59;0.92;longe
59;0.93;perto
59;0.94;perto
59;0.95;muito perto
59;0.96;perto
59;0.97;perto
59;0.98;perto
59;0.99;perto
60;0.5;longe
60;0.51;longe
60;0.52;longe
60;0.53;longe
60;0.54;longe
60;0.55;longe
60;0.56;longe
60;0.57;longe
60;0.58;longe
60;0.59;longe
60;0.6;longe
60;0.61;longe
60;0.62;longe
60;0.63;longe
60;0.64;longe
60;0.65;longe
60;0.66;longe
60;0.67;longe
60;0.68;longe
60;0.69;longe
60;0.7;longe
60;0.71;longe
60;0.72;longe
60;0.73;longe
60;0.74;longe
60;0.75;longe
60;0.76;longe
60;0.77;longe
60;0.78;perto
60;0.79;perto
60;0.8;perto
60;0.81;perto
60;0.82;perto
60;0.83;perto
60;0.84;perto
60;0.85;muito perto
60;0.86;muito perto
60;0.87;longe
60;0.88;perto
60;0.89;perto
60;0.9;acertou
60;0.91;acertou
60;0.92;acertou
60;0.93;longe
60;0.94;perto
60;0.95;perto
60;0.96;muito perto
60;0.97;perto
60;0.98;perto
60;0.99;perto
61;0.5;longe
61;0.51;longe
61;0.52;longe
61;0.53;longe
61;0.54;longe
61;0.55;longe
61;0.56;longe
61;0.57;longe
61;0.58;longe
61;0.59;longe
61;0.6;longe
61;0.61;longe
61;0.62;longe
61;0.63;longe
61;0.64;longe
61;0.65;longe
61;0.66;longe
61;0.67;longe
61;0.68;longe
61;0.69;longe
61;0.7;longe
61;0.71;longe
61;0.72;longe
61;0.73;longe
61;0.74;longe
61;0.75;longe
61;0.76;longe
61;0.77;longe
61;0.78;longe
61;0.79;perto
61;0.8;perto
61;0.81;perto
61;0.82;perto
61;0.83;perto
61;0.84;perto
61;0.85;perto
61;0.86;muito perto
61;0.87;muito perto
61;0.88;longe
61;0.89;acertou
61;0.9;perto
61;0.91;acertou
61;0.92;acertou
61;0.93;acertou
61;0.94;longe
61;0.95;perto
61;0.96;perto
61;0.97;muito perto
61;0.98;perto
61;0.99;perto
62;0.5;longe
62;0.51;longe
62;0.52;longe
62;0.53;longe
62;0.54;longe
62;0.55;longe
62;0.56;longe
62;0.57;longe
62;0.58;longe
62;0.59;longe
62;0.6;longe
62;0.61;longe
62;0.62;longe
62;0.63;longe
62;0.64;longe
62;0.65;longe
62;0.66;longe
62;0.67;longe
62;0.68;longe
62;0.69;longe
62;0.7;longe
62;0.71;longe
62;0.72;longe
62;0.73;longe
62;0.74;longe
62;0.75;longe
62;0.76;longe
62;0.77;longe
62;0.78;longe
62;0.79;longe
62;0.8;perto
62;0.81;perto
62;0.82;perto
62;0.83;perto
62;0.84;perto
62;0.85;perto
62;0.86;perto
62;0.87;muito perto
62;0.88;perto
62;0.89;longe
62;0.9;acertou
62;0.91;perto
62;0.92;acertou
62;0.93;acertou
62;0.94;acertou
62;0.95;longe
62;0.96;muito perto
62;0.97;perto
62;0.98;muito perto
62;0.99;perto
63;0.5;longe
63;0.51;longe
63;0.52;longe
63;0.53;longe
63;0.54;longe
63;0.55;longe
63;0.56;longe
63;0.57;longe
63;0.58;longe
63;0.59;longe
63;0.6;longe
63;0.61;longe
63;0.62;longe
63;0.63;longe
63;0.64;longe
63;0.65;longe
63;0.66;longe
63;0.67;longe
63;0.68;longe
63;0.69;longe
63;0.7;longe
63;0.71;longe
63;0.72;longe
63;0.73;longe
63;0.74;longe
63;0.75;longe
63;0.76;longe
63;0.77;longe
63;0.78;longe
63;0.79;longe
63;0.8;longe
63;0.81;perto
63;0.82;perto
63;0.83;perto
63;0.84;perto
63;0.85;perto
63;0.86;perto
63;0.87;perto
63;0.88;muito perto
63;0.89;perto
63;0.9;longe
63;0.91;perto
63;0.92;perto
63;0.93;acertou
63;0.94;acertou
63;0.95;acertou
63;0.96;longe
63;0.97;perto
63;0.98;perto
63;0.99;muito perto
64;0.5;longe
64;0.51;longe
64;0.52;longe
64;0.53;longe
64;0.54;longe
64;0.55;longe
64;0.56;longe
64;0.57;longe
64;0.58;longe
64;0.59;longe
64;0.6;longe
64;0.61;longe
64;0.62;longe
64;0.63;longe
64;0.64;longe
64;0.65;longe
64;0.66;longe
64;0.67;longe
64;0.68;longe
64;0.69;longe
64;0.7;longe
64;0.71;longe
64;0.72;longe
64;0.73;longe
64;0.74;longe
64;0.75;longe
64;0.76;longe
64;0.77;longe
64;0.78;longe
64;0.79;longe
64;0.8;longe
64;0.81;longe
64;0.82;perto
64;0.83;perto
64;0.84;perto
64;0.85;perto
64;0.86;perto
64;0.87;perto
64;0.88;perto
64;0.89;muito perto
64;0.9;muito perto
64;0.91;perto
64;0.92;perto
64;0.93;muito perto
64;0.94;acertou
64;0.95;acertou
64;0.96;acertou
64;0.97;longe
64;0.98;perto
64;0.99;acertou
65;0.5;longe
65;0.51;longe
65;0.52;longe
65;0.53;longe
65;0.54;longe
65;0.55;longe
65;0.56;longe
65;0.57;longe
65;0.58;longe
65;0.59;longe
65;0.6;longe
65;0.61;longe
65;0.62;longe
65;0.63;longe
65;0.64;longe
65;0.65;longe
65;0.66;longe
65;0.67;longe
65;0.68;longe
65;0.69;longe
65;0.7;longe
65;0.71;longe
65;0.72;longe
65;0.73;longe
65;0.74;longe
65;0.75;longe
65;0.76;longe
65;0.77;longe
65;0.78;longe
65;0.79;longe
65;0.8;longe
65;0.81;longe
65;0.82;longe
65;0.83;perto
65;0.84;perto
65;0.85;perto
65;0.86;perto
65;0.87;perto
65;0.88;perto
65;0.89;perto
65;0.9;perto
65;0.91;muito perto
65;0.92;muito perto
65;0.93;longe
65;0.94;muito perto
65;0.95;acertou
65;0.96;acertou
65;0.97;acertou
65;0.98;acertou
65;0.99;longe
66;0.5;longe
66;0.51;longe
66;0.52;longe
66;0.53;longe
66;0.54;longe
66;0.55;longe
66;0.56;longe
66;0.57;longe
66;0.58;longe
66;0.59;longe
66;0.6;longe
66;0.61;longe
66;0.62;longe
66;0.63;longe
66;0.64;longe
66;0.65;longe
66;0.66;longe
66;0.67;longe
66;0.68;longe
66;0.69;longe
66;0.7;longe
66;0.71;longe
66;0.72;longe
66;0.73;longe
66;0.74;longe
66;0.75;longe
66;0.76;longe
66;0.77;longe
66;0.78;longe
66;0.79;longe
66;0.8;longe
66;0.81;longe
66;0.82;longe
66;0.83;longe
66;0.84;longe
66;0.85;perto
66;0.86;perto
66;0.87;perto
66;0.88;perto
66;0.89;perto
66;0.9;perto
66;0.91;perto
66;0.92;muito perto
66;0.93;muito perto
66;0.94;longe
66;0.95;perto
66;0.96;acertou
66;0.97;acertou
66;0.98;acertou
66;0.99;acertou
67;0.5;longe
67;0.51;longe
67;0.52;longe
67;0.53;longe
67;0.54;longe
67;0.55;longe
67;0.56;longe
67;0.57;longe
67;0.58;longe
67;0.59;longe
67;0.6;longe
67;0.61;longe
67;0.62;longe
67;0.63;longe
67;0.64;longe
67;0.65;longe
67;0.66;longe
67;0.67;longe
67;0.68;longe
67;0.69;longe
67;0.7;longe
67;0.71;longe
67;0.72;longe
67;0.73;longe
67;0.74;longe
67;0.75;longe
67;0.76;longe
67;0.77;longe
67;0.78;longe
67;0.79;longe
67;0.8;longe
67;0.81;longe
67;0.82;longe
67;0.83;longe
67;0.84;longe
67;0.85;longe
67;0.86;perto
67;0.87;perto
67;0.88;perto
67;0.89;perto
67;0.9;perto
67;0.91;perto
67;0.92;perto
67;0.93;muito perto
67;0.94;muito perto
67;0.95;muito perto
67;0.96;longe
67;0.97;acertou
67;0.98;acertou
67;0.99;acertou
68;0.5;longe
68;0.51;longe
68;0.52;longe
68;0.53;longe
68;0.54;longe
68;0.55;longe
68;0.56;longe
68;0.57;longe
68;0.58;longe
68;0.59;longe
68;0.6;longe
68;0.61;longe
68;0.62;longe
68;0.63;longe
68;0.64;longe
68;0.65;longe
68;0.66;longe
68;0.67;longe
68;0.68;longe
68;0.69;longe
68;0.7;longe
68;0.71;longe
68;0.72;longe
68;0.73;longe
68;0.74;longe
68;0.75;longe
68;0.76;longe
68;0.77;longe
68;0.78;longe
68;0.79;longe
68;0.8;longe
68;0.81;longe
68;0.82;longe
68;0.83;longe
68;0.84;longe
68;0.85;longe
68;0.86;longe
68;0.87;longe
68;0.88;perto
68;0.89;perto
68;0.9;perto
68;0.91;perto
68;0.92;perto
68;0.93;perto
68;0.94;perto
68;0.95;muito perto
68;0.96;muito perto
68;0.97;longe
68;0.98;perto
68;0.99;acertou
69;0.5;longe
69;0.51;longe
69;0.52;longe
69;0.53;longe
69;0.54;longe
69;0.55;longe
69;0.56;longe
69;0.57;longe
69;0.58;longe
69;0.59;longe
69;0.6;longe
69;0.61;longe
69;0.62;longe
69;0.63;longe
69;0.64;longe
69;0.65;longe
69;0.66;longe
69;0.67;longe
69;0.68;longe
69;0.69;longe
69;0.7;longe
69;0.71;longe
69;0.72;longe
69;0.73;longe
69;0.74;longe
69;0.75;longe
69;0.76;longe
69;0.77;longe
69;0.78;longe
69;0.79;longe
69;0.8;longe
69;0.81;longe
69;0.82;longe
69;0.83;longe
69;0.84;longe
69;0.85;longe
69;0.86;longe
69;0.87;longe
69;0.88;longe
69;0.89;perto
69;0.9;perto
69;0.91;perto
69;0.92;perto
69;0.93;perto
69;0.94;perto
69;0.95;perto
69;0.96;perto
69;0.97;muito perto
69;0.98;muito perto
69;0.99;longe
70;0.5;longe
70;0.51;longe
70;0.52;longe
70;0.53;longe
70;0.54;longe
70;0.55;longe
70;0.56;longe
70;0.57;longe
70;0.58;longe
70;0.59;longe
70;0.6;longe
70;0.61;longe
70;0.62;longe
70;0.63;longe
70;0.64;longe
70;0.65;longe
70;0.66;longe
70;0.67;longe
70;0.68;longe
70;0.69;longe
70;0.7;longe
70;0.71;longe
70;0.72;longe
70;0.73;longe
70;0.74;longe
70;0.75;longe
70;0.76;longe
70;0.77;longe
70;0.78;longe
70;0.79;longe
70;0.8;longe
70;0.81;longe
70;0.82;longe
70;0.83;longe
70;0.84;longe
70;0.85;longe
70;0.86;longe
70;0.87;longe
70;0.88;longe
70;0.89;longe
70;0.9;longe
70;0.91;perto
70;0.92;perto
70;0.93;perto
70;0.94;perto
70;0.95;perto
70;0.96;perto
70;0.97;perto
70;0.98;muito perto
70;0.99;muito perto
71;0.5;longe
71;0.51;longe
71;0.52;longe
71;0.53;longe
71;0.54;longe
71;0.55;longe
71;0.56;longe
71;0.57;longe
71;0.58;longe
71;0.59;longe
71;0.6;longe
71;0.61;longe
71;0.62;longe
71;0.63;longe
71;0.64;longe
71;0.65;longe
71;0.66;longe
71;0.67;longe
71;0.68;longe
71;0.69;longe
71;0.7;longe
71;0.71;longe
71;0.72;longe
71;0.73;longe
71;0.74;longe
71;0.75;longe
71;0.76;longe
71;0.77;longe
71;0.78;longe
71;0.79;longe
71;0.8;longe
71;0.81;longe
71;0.82;longe
71;0.83;longe
71;0.84;longe
71;0.85;longe
71;0.86;longe
71;0.87;longe
71;0.88;longe
71;0.89;longe
71;0.9;longe
71;0.91;longe
71;0.92;longe
71;0.93;perto
71;0.94;perto
71;0.95;perto
71;0.96;perto
71;0.97;perto
71;0.98;perto
71;0.99;perto
72;0.5;longe
72;0.51;longe
72;0.52;longe
72;0.53;longe
72;0.54;longe
72;0.55;longe
72;0.56;longe
72;0.57;longe
72;0.58;longe
72;0.59;longe
72;0.6;longe
72;0.61;longe
72;0.62;longe
72;0.63;longe
72;0.64;longe
72;0.65;longe
72;0.66;longe
72;0.67;longe
72;0.68;longe
72;0.69;longe
72;0.7;longe
72;0.71;longe
72;0.72;longe
72;0.73;longe
72;0.74;longe
72;0.75;longe
72;0.76;longe
72;0.77;longe
72;0.78;longe
72;0.79;longe
72;0.8;longe
72;0.81;longe
72;0.82;longe
72;0.83;longe
72;0.84;longe
72;0.85;longe
72;0.86;longe
72;0.87;longe
72;0.88;longe
72;0.89;longe
72;0.9;longe
72;0.91;longe
72;0.92;longe
72;0.93;longe
72;0.94;longe
72;0.95;perto
72;0.96;perto
72;0.97;perto
72;0.98;perto
72;0.99;perto
73;0.5;longe
73;0.51;longe
73;0.52;longe
73;0.53;longe
73;0.54;longe
73;0.55;longe
73;0.56;longe
73;0.57;longe
73;0.58;longe
73;0.59;longe
73;0.6;longe
73;0.61;longe
73;0.62;longe
73;0.63;longe
73;0.64;longe
73;0.65;longe
73;0.66;longe
73;0.67;longe
73;0.68;longe
73;0.69;longe
73;0.7;longe
73;0.71;longe
73;0.72;longe
73;0.73;longe
73;0.74;longe
73;0.75;longe
73;0.76;longe
73;0.77;longe
73;0.78;longe
73;0.79;longe
73;0.8;longe
73;0.81;longe
73;0.82;longe
73;0.83;longe
73;0.84;longe
73;0.85;longe
73;0.86;longe
73;0.87;longe
73;0.88;longe
73;0.89;longe
73;0.9;longe
73;0.91;longe
73;0.92;longe
73;0.93;longe
73;0.94;longe
73;0.95;longe
73;0.96;longe
73;0.97;perto
73;0.98;perto
73;0.99;perto
74;0.5;longe
74;0.51;longe
74;0.52;longe
74;0.53;longe
74;0.54;longe
74;0.55;longe
74;0.56;longe
74;0.57;longe
74;0.58;longe
74;0.59;longe
74;0.6;longe
74;0.61;longe
74;0.62;longe
74;0.63;longe
74;0.64;longe
74;0.65;longe
74;0.66;longe
74;0.67;longe
74;0.68;longe
74;0.69;longe
74;0.7;longe
74;0.71;longe
74;0.72;longe
74;0.73;longe
74;0.74;longe
74;0.75;longe
74;0.76;longe
74;0.77;longe
74;0.78;longe
74;0.79;longe
74;0.8;longe
74;0.81;longe
74;0.82;longe
74;0.83;longe
74;0.84;longe
74;0.85;longe
74;0.86;longe
74;0.87;longe
74;0.88;longe
74;0.89;longe
74;0.9;longe
74;0.91;longe
74;0.92;longe
74;0.93;longe
74;0.94;longe
74;0.95;longe
74;0.96;longe
74;0.97;longe
74;0.98;longe
74;0.99;longe
75;0.5;longe
75;0.51;longe
75;0.52;longe
75;0.53;longe
75;0.54;longe
75;0.55;longe
75;0.56;longe
75;0.57;longe
75;0.58;longe
75;0.59;longe
75;0.6;longe
75;0.61;longe
75;0.62;longe
75;0.63;longe
75;0.64;longe
75;0.65;longe
75;0.66;longe
75;0.67;longe
75;0.68;longe
75;0.69;longe
75;0.7;longe
75;0.71;longe
75;0.72;longe
75;0.73;longe
75;0.74;longe
75;0.75;longe
75;0.76;longe
75;0.77;longe
75;0.78;longe
75;0.79;longe
75;0.8;longe
75;0.81;longe
75;0.82;longe
75;0.83;longe
75;0.84;longe
75;0.85;longe
75;0.86;longe
75;0.87;longe
75;0.88;longe
75;0.89;longe
75;0.9;longe
75;0.91;longe
75;0.92;longe
75;0.93;longe
75;0.94;longe
75;0.95;longe
75;0.96;longe
75;0.97;longe
75;0.98;longe
75;0.99;longe
76;0.5;longe
76;0.51;longe
76;0.52;longe
76;0.53;longe
76;0.54;longe
76;0.55;longe
76;0.56;longe
76;0.57;longe
76;0.58;longe
76;0.59;longe
76;0.6;longe
76;0.61;longe
76;0.62;longe
76;0.63;longe
76;0.64;longe
76;0.65;longe
76;0.66;longe
76;0.67;longe
76;0.68;longe
76;0.69;longe
76;0.7;longe
76;0.71;longe
76;0.72;longe
76;0.73;longe
76;0.74;longe
76;0.75;longe
76;0.76;longe
76;0.77;longe
76;0.78;longe
76;0.79;longe
76;0.8;longe
76;0.81;longe
76;0.82;longe
76;0.83;longe
76;0.84;longe
76;0.85;longe
76;0.86;longe
76;0.87;longe
76;0.88;longe
76;0.89;longe
76;0.9;longe
76;0.91;longe
76;0.92;longe
76;0.93;longe
76;0.94;longe
76;0.95;longe
76;0.96;longe
76;0.97;longe
76;0.98;longe
76;0.99;longe
77;0.5;longe
77;0.51;longe
77;0.52;longe
77;0.53;longe
77;0.54;longe
77;0.55;longe
77;0.56;longe
77;0.57;longe
77;0.58;longe
77;0.59;longe
77;0.6;longe
77;0.61;longe
77;0.62;longe
77;0.63;longe
77;0.64;longe
77;0.65;longe
77;0.66;longe
77;0.67;longe
77;0.68;longe
77;0.69;longe
77;0.7;longe
77;0.71;longe
77;0.72;longe
77;0.73;longe
77;0.74;longe
77;0.75;longe
77;0.76;longe
77;0.77;longe
77;0.78;longe
77;0.79;longe
77;0.8;longe
77;0.81;longe
77;0.82;longe
77;0.83;longe
77;0.84;longe
77;0.85;longe
77;0.86;longe
77;0.87;longe
77;0.88;longe
77;0.89;longe
77;0.9;longe
77;0.91;longe
77;0.92;longe
77;0.93;longe
77;0.94;longe
77;0.95;longe
77;0.96;longe
77;0.97;longe
77;0.98;longe
77;0.99;longe
78;0.5;longe
78;0.51;longe
78;0.52;longe
78;0.53;longe
78;0.54;longe
78;0.55;longe
78;0.56;longe
78;0.57;longe
78;0.58;longe
78;0.59;longe
78;0.6;longe
78;0.61;longe
78;0.62;longe
78;0.63;longe
78;0.64;longe
78;0.65;longe
78;0.66;longe
78;0.67;longe
78;0.68;longe
78;0.69;longe
78;0.7;longe
78;0.71;longe
78;0.72;longe
78;0.73;longe
78;0.74;longe
78;0.75;longe
78;0.76;longe
78;0.77;longe
78;0.78;longe
78;0.79;longe
78;0.8;longe
78;0.81;longe
78;0.82;longe
78;0.83;longe
78;0.84;longe
78;0.85;longe
78;0.86;longe
78;0.87;longe
78;0.88;longe
78;0.89;longe
78;0.9;longe
78;0.91;longe
78;0.92;longe
78;0.93;longe
78;0.94;longe
78;0.95;longe
78;0.96;longe
78;0.97;longe
78;0.98;longe
78;0.99;longe
79;0.5;longe
79;0.51;longe
79;0.52;longe
79;0.53;longe
79;0.54;longe
79;0.55;longe
79;0.56;longe
79;0.57;longe
79;0.58;longe
79;0.59;longe
79;0.6;longe
79;0.61;longe
79;0.62;longe
79;0.63;longe
79;0.64;longe
79;0.65;longe
79;0.66;longe
79;0.67;longe
79;0.68;longe
79;0.69;longe
79;0.7;longe
79;0.71;longe
79;0.72;longe
79;0.73;longe
79;0.74;longe
79;0.75;longe
79;0.76;longe
79;0.77;longe
79;0.78;longe
79;0.79;longe
79;0.8;longe
79;0.81;longe
79;0.82;longe
79;0.83;longe
79;0.84;longe
79;0.85;longe
79;0.86;longe
79;0.87;longe
79;0.88;longe
79;0.89;longe
79;0.9;longe
79;0.91;longe
79;0.92;longe
79;0.93;longe
79;0.94;longe
79;0.95;longe
79;0.96;longe
79;0.97;longe
79;0.98;longe
79;0.99;longe
80;0.5;longe
80;0.51;longe
80;0.52;longe
80;0.53;longe
80;0.54;longe
80;0.55;longe
80;0.56;longe
80;0.57;longe
80;0.58;longe
80;0.59;longe
80;0.6;longe
80;0.61;longe
80;0.62;longe
80;0.63;longe
80;0.64;longe
80;0.65;longe
80;0.66;longe
80;0.67;longe
80;0.68;longe
80;0.69;longe
80;0.7;longe
80;0.71;longe
80;0.72;longe
80;0.73;longe
80;0.74;longe
80;0.75;longe
80;0.76;longe
80;0.77;longe
80;0.78;longe
80;0.79;longe
80;0.8;longe
80;0.81;longe
80;0.82;longe
80;0.83;longe
80;0.84;longe
80;0.85;longe
80;0.86;longe
80;0.87;longe
80;0.88;longe
80;0.89;longe
80;0.9;longe
80;0.91;longe
80;0.92;longe
80;0.93;longe
80;0.94;longe
80;0.95;longe
80;0.96;longe
80;0.97;longe
80;0.98;longe
80;0.99;longe
81;0.5;longe
81;0.51;longe
81;0.52;longe
81;0.53;longe
81;0.54;longe
81;0.55;longe
81;0.56;longe
81;0.57;longe
81;0.58;longe
81;0.59;longe
81;0.6;longe
81;0.61;longe
81;0.62;longe
81;0.63;longe
81;0.64;longe
81;0.65;longe
81;0.66;longe
81;0.67;longe
81;0.68;longe
81;0.69;longe
81;0.7;longe
81;0.71;longe
81;0.72;longe
81;0.73;longe
81;0.74;longe
81;0.75;longe
81;0.76;longe
81;0.77;longe
81;0.78;longe
81;0.79;longe
81;0.8;longe
81;0.81;longe
81;0.82;longe
81;0.83;longe
81;0.84;longe
81;0.85;longe
81;0.86;longe
81;0.87;longe
81;0.88;longe
81;0.89;longe
81;0.9;longe
81;0.91;longe
81;0.92;longe
81;0.93;longe
81;0.94;longe
81;0.95;longe
81;0.96;longe
81;0.97;longe
81;0.98;longe
81;0.99;longe
82;0.5;longe
82;0.51;longe
82;0.52;longe
82;0.53;longe
82;0.54;longe
82;0.55;longe
82;0.56;longe
82;0.57;longe
82;0.58;longe
82;0.59;longe
82;0.6;longe
82;0.61;longe
82;0.62;longe
82;0.63;longe
82;0.64;longe
82;0.65;longe
82;0.66;longe
82;0.67;longe
82;0.68;longe
82;0.69;longe
82;0.7;longe
82;0.71;longe
82;0.72;longe
82;0.73;longe
82;0.74;longe
82;0.75;longe
82;0.76;longe
82;0.77;longe
82;0.78;longe
82;0.79;longe
82;0.8;longe
82;0.81;longe
82;0.82;longe
82;0.83;longe
82;0.84;longe
82;0.85;longe
82;0.86;longe
82;0.87;longe
82;0.88;longe
82;0.89;longe
82;0.9;longe
82;0.91;longe
82;0.92;longe
82;0.93;longe
82;0.94;longe
82;0.95;longe
82;0.96;longe
82;0.97;longe
82;0.98;longe
82;0.99;longe
83;0.5;longe
83;0.51;longe
83;0.52;longe
83;0.53;longe
83;0.54;longe
83;0.55;longe
83;0.56;longe
83;0.57;longe
83;0.58;longe
83;0.59;longe
83;0.6;longe
83;0.61;longe
83;0.62;longe
83;0.63;longe
83;0.64;longe
83;0.65;longe
83;0.66;longe
83;0.67;longe
83;0.68;longe
83;0.69;longe
83;0.7;longe
83;0.71;longe
83;0.72;longe
83;0.73;longe
83;0.74;longe
83;0.75;longe
83;0.76;longe
83;0.77;longe
83;0.78;longe
83;0.79;longe
83;0.8;longe
83;0.81;longe
83;0.82;longe
83;0.83;longe
83;0.84;longe
83;0.85;longe
83;0.86;longe
83;0.87;longe
83;0.88;longe
83;0.89;longe
83;0.9;longe
83;0.91;longe
83;0.92;longe
83;0.93;longe
83;0.94;longe
83;0.95;longe
83;0.96;longe
83;0.97;longe
83;0.98;longe
83;0.99;longe
84;0.5;longe
84;0.51;longe
84;0.52;longe
84;0.53;longe
84;0.54;longe
84;0.55;longe
84;0.56;longe
84;0.57;longe
84;0.58;longe
84;0.59;longe
84;0.6;longe
84;0.61;longe
84;0.62;longe
84;0.63;longe
84;0.64;longe
84;0.65;longe
84;0.66;longe
84;0.67;longe
84;0.68;longe
84;0.69;longe
84;0.7;longe
84;0.71;longe
84;0.72;longe
84;0.73;longe
84;0.74;longe
84;0.75;longe
84;0.76;longe
84;0.77;longe
84;0.78;longe
84;0.79;longe
84;0.8;longe
84;0.81;longe
84;0.82;longe
84;0.83;longe
84;0.84;longe
84;0.85;longe
84;0.86;longe
84;0.87;longe
84;0.88;longe
84;0.89;longe
84;0.9;longe
84;0.91;longe
84;0.92;longe
84;0.93;longe
84;0.94;longe
84;0.95;longe
84;0.96;longe
84;0.97;longe
84;0.98;longe
84;0.99;longe
85;0.5;longe
85;0.51;longe
85;0.52;longe
85;0.53;longe
85;0.54;longe
85;0.55;longe
85;0.56;longe
85;0.57;longe
85;0.58;longe
85;0.59;longe
85;0.6;longe
85;0.61;longe
85;0.62;longe
85;0.63;longe
85;0.64;longe
85;0.65;longe
85;0.66;longe
85;0.67;longe
85;0.68;longe
85;0.69;longe
85;0.7;longe
85;0.71;longe
85;0.72;longe
85;0.73;longe
85;0.74;longe
85;0.75;longe
85;0.76;longe
85;0.77;longe
85;0.78;longe
85;0.79;longe
85;0.8;longe
85;0.81;longe
85;0.82;longe
85;0.83;longe
85;0.84;longe
85;0.85;longe
85;0.86;longe
85;0.87;longe
85;0.88;longe
85;0.89;longe
85;0.9;longe
85;0.91;longe
85;0.92;longe
85;0.93;longe
85;0.94;longe
85;0.95;longe
85;0.96;longe
85;0.97;longe
85;0.98;longe
85;0.99;longe
86;0.5;longe
86;0.51;longe
86;0.52;longe
86;0.53;longe
86;0.54;longe
86;0.55;longe
86;0.56;longe
86;0.57;longe
86;0.58;longe
86;0.59;longe
86;0.6;longe
86;0.61;longe
86;0.62;longe
86;0.63;longe
86;0.64;longe
86;0.65;longe
86;0.66;longe
86;0.67;longe
86;0.68;longe
86;0.69;longe
86;0.7;longe
86;0.71;longe
86;0.72;longe
86;0.73;longe
86;0.74;longe
86;0.75;longe
86;0.76;longe
86;0.77;longe
86;0.78;longe
86;0.79;longe
86;0.8;longe
86;0.81;longe
86;0.82;longe
86;0.83;longe
86;0.84;longe
86;0.85;longe
86;0.86;longe
86;0.87;longe
86;0.88;longe
86;0.89;longe
86;0.9;longe
86;0.91;longe
86;0.92;longe
86;0.93;longe
86;0.94;longe
86;0.95;longe
86;0.96;longe
86;0.97;longe
86;0.98;longe
86;0.99;longe
87;0.5;longe
87;0.51;longe
87;0.52;longe
87;0.53;longe
87;0.54;longe
87;0.55;longe
87;0.56;longe
87;0.57;longe
87;0.58;longe
87;0.59;longe
87;0.6;longe
87;0.61;longe
87;0.62;longe
87;0.63;longe
87;0.64;longe
87;0.65;longe
87;0.66;longe
87;0.67;longe
87;0.68;longe
87;0.69;longe
87;0.7;longe
87;0.71;longe
87;0.72;longe
87;0.73;longe
87;0.74;longe
87;0.75;longe
87;0.76;longe
87;0.77;longe
87;0.78;longe
87;0.79;longe
87;0.8;longe
87;0.81;longe
87;0.82;longe
87;0.83;longe
87;0.84;longe
87;0.85;longe
87;0.86;longe
87;0.87;longe
87;0.88;longe
87;0.89;longe
87;0.9;longe
87;0.91;longe
87;0.92;longe
87;0.93;longe
87;0.94;longe
87;0.95;longe
87;0.96;longe
87;0.97;longe
87;0.98;longe
87;0.99;longe
88;0.5;longe
88;0.51;longe
88;0.52;longe
88;0.53;longe
88;0.54;longe
88;0.55;longe
88;0.56;longe
88;0.57;longe
88;0.58;longe
88;0.59;longe
88;0.6;longe
88;0.61;longe
88;0.62;longe
88;0.63;longe
88;0.64;longe
88;0.65;longe
88;0.66;longe
88;0.67;longe
88;0.68;longe
88;0.69;longe
88;0.7;longe
88;0.71;longe
88;0.72;longe
88;0.73;longe
88;0.74;longe
88;0.75;longe
88;0.76;longe
88;0.77;longe
88;0.78;longe
88;0.79;longe
88;0.8;longe
88;0.81;longe
88;0.82;longe
88;0.83;longe
88;0.84;longe
88;0.85;longe
88;0.86;longe
88;0.87;longe
88;0.88;longe
88;0.89;longe
88;0.9;longe
88;0.91;longe
88;0.92;longe
88;0.93;longe
88;0.94;longe
88;0.95;longe
88;0.96;longe
88;0.97;longe
88;0.98;longe
88;0.99;longe
89;0.5;longe
89;0.51;longe
89;0.52;longe
89;0.53;longe
89;0.54;longe
89;0.55;longe
89;0.56;longe
89;0.57;longe
89;0.58;longe
89;0.59;longe
89;0.6;longe
89;0.61;longe
89;0.62;longe
89;0.63;longe
89;0.64;longe
89;0.65;longe
89;0.66;longe
89;0.67;longe
89;0.68;longe
89;0.69;longe
89;0.7;longe
89;0.71;longe
89;0.72;longe
89;0.73;longe
89;0.74;longe
89;0.75;longe
89;0.76;longe
89;0.77;longe
89;0.78;longe
89;0.79;longe
89;0.8;longe
89;0.81;longe
89;0.82;longe
89;0.83;longe
89;0.84;longe
89;0.85;longe
89;0.86;longe
89;0.87;longe
89;0.88;longe
89;0.89;longe
89;0.9;longe
89;0.91;longe
89;0.92;longe
89;0.93;longe
89;0.94;longe
89;0.95;longe
89;0.96;longe
89;0.97;longe
89;0.98;longe
89;0.99;longe
